{"_step": 1349, "epoch": 2, "acc": 0.7692307692307693, "_runtime": 128.03454494476318, "_timestamp": 1582911462.5144963, "loss": 0.14871013164520264, "val_acc": 0.73, "val_loss": 0.1917652040719986}
